{
  "C1_latent_mas": {
    "accuracy": 0.9992727272727272,
    "ci_lo": 0.9978181818181818,
    "ci_hi": 1.0,
    "n": 1378,
    "confusion_matrix": [
      [
        499,
        1,
        0
      ],
      [
        0,
        500,
        0
      ],
      [
        0,
        0,
        378
      ]
    ],
    "per_fold": [
      1.0,
      1.0,
      1.0,
      0.9963636363636363,
      1.0
    ]
  },
  "C2_single_agent_latent_sampled": {
    "accuracy": 0.9956416337285903,
    "ci_lo": 0.9920026350461134,
    "ci_hi": 0.9985480895915678,
    "n": 1378,
    "confusion_matrix": [
      [
        496,
        4,
        0
      ],
      [
        2,
        498,
        0
      ],
      [
        0,
        0,
        378
      ]
    ],
    "per_fold": [
      0.9963768115942029,
      0.9963768115942029,
      1.0,
      0.9890909090909091,
      0.9963636363636363
    ]
  },
  "C3_text_mas": {
    "accuracy": 0.5,
    "n": 0
  },
  "C4_per_position": {
    "agent_0_round_0": {
      "accuracy": 1.0,
      "ci_lo": 1.0,
      "ci_hi": 1.0,
      "n": 1378,
      "confusion_matrix": [
        [
          500,
          0,
          0
        ],
        [
          0,
          500,
          0
        ],
        [
          0,
          0,
          378
        ]
      ],
      "per_fold": [
        1.0,
        1.0,
        1.0,
        1.0,
        1.0
      ]
    },
    "agent_0_round_1": {
      "accuracy": 1.0,
      "ci_lo": 1.0,
      "ci_hi": 1.0,
      "n": 1378,
      "confusion_matrix": [
        [
          500,
          0,
          0
        ],
        [
          0,
          500,
          0
        ],
        [
          0,
          0,
          378
        ]
      ],
      "per_fold": [
        1.0,
        1.0,
        1.0,
        1.0,
        1.0
      ]
    },
    "agent_0_round_2": {
      "accuracy": 0.997098814229249,
      "ci_lo": 0.996368906455863,
      "ci_hi": 0.9985507246376812,
      "n": 1378,
      "confusion_matrix": [
        [
          498,
          2,
          0
        ],
        [
          1,
          499,
          0
        ],
        [
          0,
          1,
          377
        ]
      ],
      "per_fold": [
        0.9963768115942029,
        0.9963768115942029,
        0.9963768115942029,
        1.0,
        0.9963636363636363
      ]
    },
    "agent_0_round_3": {
      "accuracy": 0.9934729907773384,
      "ci_lo": 0.9905744400527009,
      "ci_hi": 0.9970963109354413,
      "n": 1378,
      "confusion_matrix": [
        [
          495,
          5,
          0
        ],
        [
          0,
          500,
          0
        ],
        [
          0,
          4,
          374
        ]
      ],
      "per_fold": [
        0.9927536231884058,
        0.9927536231884058,
        0.9891304347826086,
        0.9927272727272727,
        1.0
      ]
    },
    "agent_1_round_0": {
      "accuracy": 1.0,
      "ci_lo": 1.0,
      "ci_hi": 1.0,
      "n": 1378,
      "confusion_matrix": [
        [
          500,
          0,
          0
        ],
        [
          0,
          500,
          0
        ],
        [
          0,
          0,
          378
        ]
      ],
      "per_fold": [
        1.0,
        1.0,
        1.0,
        1.0,
        1.0
      ]
    },
    "agent_1_round_1": {
      "accuracy": 0.9985480895915678,
      "ci_lo": 0.9970935441370223,
      "ci_hi": 1.0,
      "n": 1378,
      "confusion_matrix": [
        [
          499,
          1,
          0
        ],
        [
          1,
          499,
          0
        ],
        [
          0,
          0,
          378
        ]
      ],
      "per_fold": [
        1.0,
        1.0,
        0.9963768115942029,
        0.9963636363636363,
        1.0
      ]
    },
    "agent_1_round_2": {
      "accuracy": 0.9941949934123848,
      "ci_lo": 0.9912806324110672,
      "ci_hi": 0.9971014492753623,
      "n": 1378,
      "confusion_matrix": [
        [
          498,
          2,
          0
        ],
        [
          4,
          496,
          0
        ],
        [
          1,
          1,
          376
        ]
      ],
      "per_fold": [
        0.9927536231884058,
        0.9927536231884058,
        0.9963768115942029,
        0.9890909090909091,
        1.0
      ]
    },
    "agent_1_round_3": {
      "accuracy": 0.9847615283267457,
      "ci_lo": 0.9825981554677208,
      "ci_hi": 0.9869459815546773,
      "n": 1378,
      "confusion_matrix": [
        [
          490,
          10,
          0
        ],
        [
          7,
          493,
          0
        ],
        [
          2,
          2,
          374
        ]
      ],
      "per_fold": [
        0.9818840579710145,
        0.9891304347826086,
        0.9818840579710145,
        0.9854545454545455,
        0.9854545454545455
      ]
    },
    "agent_2_round_0": {
      "accuracy": 1.0,
      "ci_lo": 1.0,
      "ci_hi": 1.0,
      "n": 1378,
      "confusion_matrix": [
        [
          500,
          0,
          0
        ],
        [
          0,
          500,
          0
        ],
        [
          0,
          0,
          378
        ]
      ],
      "per_fold": [
        1.0,
        1.0,
        1.0,
        1.0,
        1.0
      ]
    },
    "agent_2_round_1": {
      "accuracy": 0.9934703557312252,
      "ci_lo": 0.9927378129117258,
      "ci_hi": 0.9949196310935442,
      "n": 1378,
      "confusion_matrix": [
        [
          492,
          8,
          0
        ],
        [
          1,
          499,
          0
        ],
        [
          0,
          0,
          378
        ]
      ],
      "per_fold": [
        0.9927536231884058,
        0.9927536231884058,
        0.9927536231884058,
        0.9927272727272727,
        0.9963636363636363
      ]
    },
    "agent_2_round_2": {
      "accuracy": 0.9898418972332017,
      "ci_lo": 0.9862239789196311,
      "ci_hi": 0.9934729907773386,
      "n": 1378,
      "confusion_matrix": [
        [
          494,
          6,
          0
        ],
        [
          3,
          497,
          0
        ],
        [
          1,
          4,
          373
        ]
      ],
      "per_fold": [
        0.9855072463768116,
        0.9963768115942029,
        0.9855072463768116,
        0.9890909090909091,
        0.9927272727272727
      ]
    },
    "agent_2_round_3": {
      "accuracy": 0.9731567852437417,
      "ci_lo": 0.9688405797101449,
      "ci_hi": 0.9774729907773386,
      "n": 1378,
      "confusion_matrix": [
        [
          481,
          19,
          0
        ],
        [
          13,
          486,
          1
        ],
        [
          2,
          2,
          374
        ]
      ],
      "per_fold": [
        0.9746376811594203,
        0.967391304347826,
        0.967391304347826,
        0.9781818181818182,
        0.9781818181818182
      ]
    }
  },
  "C6_kmeans_ari_vs_task": 0.07449558442204052
}