{
  "D1_latent_mas": {
    "heatmap": [
      [
        0.6824953183520599,
        0.6570692883895131,
        0.6950889513108615,
        0.6705430711610487
      ],
      [
        0.6847986891385768,
        0.657560861423221,
        0.6910955056179775,
        0.6579915730337078
      ],
      [
        0.7076779026217228,
        0.6814747191011236,
        0.6909878277153558,
        0.6720177902621722
      ]
    ],
    "cis": {
      "agent_0_round_0": {
        "auc": 0.6824953183520599,
        "ci_lo": 0.6370342487912373,
        "ci_hi": 0.7279563879128825,
        "se": 0.02319484945611945,
        "n_pos": 1200,
        "n_neg": 178
      },
      "agent_0_round_1": {
        "auc": 0.6570692883895131,
        "ci_lo": 0.6114901051833361,
        "ci_hi": 0.70264847159569,
        "se": 0.023255112627425675,
        "n_pos": 1200,
        "n_neg": 178
      },
      "agent_0_round_2": {
        "auc": 0.6950889513108615,
        "ci_lo": 0.6484785745229497,
        "ci_hi": 0.7416993280987733,
        "se": 0.02378124146952112,
        "n_pos": 1200,
        "n_neg": 178
      },
      "agent_0_round_3": {
        "auc": 0.6705430711610487,
        "ci_lo": 0.6255920101511778,
        "ci_hi": 0.7154941321709196,
        "se": 0.02293463623027728,
        "n_pos": 1200,
        "n_neg": 178
      },
      "agent_1_round_0": {
        "auc": 0.6847986891385768,
        "ci_lo": 0.637478033109258,
        "ci_hi": 0.7321193451678956,
        "se": 0.024143635496661226,
        "n_pos": 1200,
        "n_neg": 178
      },
      "agent_1_round_1": {
        "auc": 0.657560861423221,
        "ci_lo": 0.612785687390169,
        "ci_hi": 0.702336035456273,
        "se": 0.02284489632780644,
        "n_pos": 1200,
        "n_neg": 178
      },
      "agent_1_round_2": {
        "auc": 0.6910955056179775,
        "ci_lo": 0.6449963696413575,
        "ci_hi": 0.7371946415945975,
        "se": 0.02352039952787098,
        "n_pos": 1200,
        "n_neg": 178
      },
      "agent_1_round_3": {
        "auc": 0.6579915730337078,
        "ci_lo": 0.6102757239479174,
        "ci_hi": 0.7057074221194982,
        "se": 0.024345268312156224,
        "n_pos": 1200,
        "n_neg": 178
      },
      "agent_2_round_0": {
        "auc": 0.7076779026217228,
        "ci_lo": 0.6632655805207877,
        "ci_hi": 0.752090224722658,
        "se": 0.02265976438916933,
        "n_pos": 1200,
        "n_neg": 178
      },
      "agent_2_round_1": {
        "auc": 0.6814747191011236,
        "ci_lo": 0.6383978529386675,
        "ci_hi": 0.7245515852635797,
        "se": 0.02197839679822738,
        "n_pos": 1200,
        "n_neg": 178
      },
      "agent_2_round_2": {
        "auc": 0.6909878277153558,
        "ci_lo": 0.6462596499582625,
        "ci_hi": 0.7357160054724492,
        "se": 0.022820918195386997,
        "n_pos": 1200,
        "n_neg": 178
      },
      "agent_2_round_3": {
        "auc": 0.6720177902621722,
        "ci_lo": 0.6257899845138994,
        "ci_hi": 0.718245596010445,
        "se": 0.023586048576867656,
        "n_pos": 1200,
        "n_neg": 178
      }
    },
    "n_correct": 1200,
    "n_incorrect": 178,
    "A": 3,
    "M": 4
  },
  "D2_single_agent": {
    "heatmap": [
      [
        0.6940102394006527,
        0.6724711939504202,
        0.7020920225910386,
        0.6986926405854857,
        0.6891834469898555,
        0.6855324117047653,
        0.6956480484494445,
        0.7045136697236352,
        0.7077934132848179,
        0.6822485426799837,
        0.6894351002693928,
        0.6794102237238909
      ]
    ],
    "cis": {
      "agent_0_round_0": {
        "auc": 0.6940102394006527,
        "ci_lo": 0.6506845100226365,
        "ci_hi": 0.7373359687786688,
        "se": 0.022105370159739658,
        "n_pos": 1171,
        "n_neg": 207
      },
      "agent_0_round_1": {
        "auc": 0.6724711939504202,
        "ci_lo": 0.6304517672112305,
        "ci_hi": 0.7144906206896099,
        "se": 0.021438876974594217,
        "n_pos": 1171,
        "n_neg": 207
      },
      "agent_0_round_2": {
        "auc": 0.7020920225910386,
        "ci_lo": 0.6605660921375335,
        "ci_hi": 0.7436179530445438,
        "se": 0.02118708852869564,
        "n_pos": 1171,
        "n_neg": 207
      },
      "agent_0_round_3": {
        "auc": 0.6986926405854857,
        "ci_lo": 0.6584036838909948,
        "ci_hi": 0.7389815972799767,
        "se": 0.020555967870983904,
        "n_pos": 1171,
        "n_neg": 207
      },
      "agent_0_round_4": {
        "auc": 0.6891834469898555,
        "ci_lo": 0.6476762391680772,
        "ci_hi": 0.7306906548116338,
        "se": 0.02117753599003956,
        "n_pos": 1171,
        "n_neg": 207
      },
      "agent_0_round_5": {
        "auc": 0.6855324117047653,
        "ci_lo": 0.6444653425775593,
        "ci_hi": 0.7265994808319713,
        "se": 0.020952971305155537,
        "n_pos": 1171,
        "n_neg": 207
      },
      "agent_0_round_6": {
        "auc": 0.6956480484494445,
        "ci_lo": 0.6532907447790541,
        "ci_hi": 0.7380053521198349,
        "se": 0.021611266331677228,
        "n_pos": 1171,
        "n_neg": 207
      },
      "agent_0_round_7": {
        "auc": 0.7045136697236352,
        "ci_lo": 0.6622964878391486,
        "ci_hi": 0.7467308516081217,
        "se": 0.02153977431090073,
        "n_pos": 1171,
        "n_neg": 207
      },
      "agent_0_round_8": {
        "auc": 0.7077934132848179,
        "ci_lo": 0.6673524499161433,
        "ci_hi": 0.7482343766534926,
        "se": 0.020633523721694788,
        "n_pos": 1171,
        "n_neg": 207
      },
      "agent_0_round_9": {
        "auc": 0.6822485426799837,
        "ci_lo": 0.639613443065993,
        "ci_hi": 0.7248836422939744,
        "se": 0.021753001560381166,
        "n_pos": 1171,
        "n_neg": 207
      },
      "agent_0_round_10": {
        "auc": 0.6894351002693928,
        "ci_lo": 0.6481922615447606,
        "ci_hi": 0.730677938994025,
        "se": 0.021042651319080605,
        "n_pos": 1171,
        "n_neg": 207
      },
      "agent_0_round_11": {
        "auc": 0.6794102237238909,
        "ci_lo": 0.6360648220026528,
        "ci_hi": 0.7227556254451291,
        "se": 0.022115407253980743,
        "n_pos": 1171,
        "n_neg": 207
      }
    },
    "n_correct": 1171,
    "n_incorrect": 207,
    "A": 1,
    "M": 12
  },
  "D3_fisher": {
    "gsm8k": {
      "top20_dims": [
        9,
        1145,
        22,
        32,
        44,
        29,
        27,
        163,
        14,
        1666,
        1673,
        213,
        548,
        780,
        13,
        67,
        23,
        460,
        62,
        56
      ],
      "top20_coefs": [
        0.5475178292132334,
        0.41882041692483,
        0.35253171146599704,
        0.32710383130820986,
        0.3050706129581815,
        0.30453636232098247,
        0.2533572571964139,
        0.24774663889131726,
        0.2447321404748728,
        0.2212245534827115,
        0.187739321951826,
        0.1843820781245539,
        0.17752975045463532,
        0.1728851218470593,
        0.17080575214660562,
        0.1662627592841521,
        0.15635168328960314,
        0.1544900344229311,
        0.1492159348072396,
        0.14693649136396114
      ]
    },
    "arc_challenge": {
      "top20_dims": [
        18,
        7,
        9,
        213,
        29,
        13,
        56,
        88,
        32,
        321,
        668,
        38,
        55,
        705,
        1208,
        119,
        22,
        1137,
        549,
        80
      ],