{
  "latent_mas": {
    "gsm8k": {
      "I2_blame_distribution": [
        [
          0.0,
          0.0,
          0.6,
          0.175
        ],
        [
          0.0,
          0.0,
          0.1,
          0.1
        ],
        [
          0.0,
          0.0,
          0.0,
          0.025
        ]
      ],
      "I2_chi2_p": 4.563305258483566e-28,
      "I3_contagion_mean": 0.175,
      "I3_contagion_ci": [
        0.05,
        0.35
      ],
      "I3_threshold": 0.22956018125453798,
      "I4_confirmation": {
        "mean_cos_shift_correct": 0.4034640479778898,
        "mean_cos_shift_incorrect": 0.4050322279334068,
        "mannwhitney": {
          "u": 79926.0,
          "p_value": 0.5278011263284852,
          "rb_corr": 0.03471014492753621,
          "n_a": 1380,
          "n_b": 120
        }
      },
      "n_failures": 40
    },
    "arc_challenge": {
      "I2_blame_distribution": [
        [
          0.0,
          0.0,
          0.21621621621621623,
          0.1891891891891892
        ],
        [
          0.0,
          0.0,
          0.32432432432432434,
          0.08108108108108109
        ],
        [
          0.0,
          0.0,
          0.16216216216216217,
          0.02702702702702703
        ]
      ],
      "I2_chi2_p": 5.380578929412457e-09,
      "I3_contagion_mean": 0.1891891891891892,
      "I3_contagion_ci": [
        0.05405405405405406,
        0.35135135135135137
      ],
      "I3_threshold": 0.17668496689215207,
      "I4_confirmation": {
        "mean_cos_shift_correct": 0.38120438555447295,
        "mean_cos_shift_incorrect": 0.38239771597557237,
        "mannwhitney": {
          "u": 75855.0,
          "p_value": 0.7787121345622374,
          "rb_corr": 0.01601385402681299,
          "n_a": 1389,
          "n_b": 111
        }
      },
      "n_failures": 37
    },
    "mbppplus": {
      "I2_blame_distribution": [
        [
          0.0,
          0.0,
          0.5742574257425742,
          0.019801980198019802
        ],
        [
          0.0,
          0.0,
          0.0594059405940594,
          0.3069306930693069
        ],
        [
          0.0,
          0.0,
          0.0,
          0.039603960396039604
        ]
      ],
      "I2_chi2_p": 4.382796258142375e-83,
      "I3_contagion_mean": 0.24752475247524752,
      "I3_contagion_ci": [
        0.13861386138613863,
        0.3564356435643564
      ],
      "I3_threshold": 0.22018125034637512,
      "I4_confirmation": {
        "mean_cos_shift_correct": 0.3852256353940057,
        "mean_cos_shift_incorrect": 0.38603563001840424,
        "mannwhitney": {
          "u": 123804.0,
          "p_value": 0.6681566028383308,
          "rb_corr": 0.01662079565357255,
          "n_a": 831,
          "n_b": 303
        }
      },
      "n_failures": 101
    }
  },
  "text_mas": {}
}