{
  "k": 69,
  "n": 1378,
  "n_bucket1": 34,
  "P2_main": {
    "auc": {
      "auc": 0.7254026610644257,
      "ci_lo": 0.6312017756077456,
      "ci_hi": 0.8196035465211059,
      "se": 0.04806255941421615,
      "n_pos": 34,
      "n_neg": 1344
    },
    "auprc": 0.06391090718171706
  },
  "P3_baselines": {
    "full_hidden": {
      "auc": {
        "auc": 0.7230173319327731,
        "ci_lo": 0.6265367188575782,
        "ci_hi": 0.8194979450079679,
        "se": 0.04922570712330514,
        "n_pos": 34,
        "n_neg": 1344
      },
      "auprc": 0.06580843798439237
    },
    "random_kd": {
      "auc": {
        "auc": 0.6391150210084033,
        "ci_lo": 0.5521303562551472,
        "ci_hi": 0.7260996857616595,
        "se": 0.04438074650319096,
        "n_pos": 34,
        "n_neg": 1344
      },
      "auprc": 0.04340281473397227
    },
    "question_length": {
      "auc": {
        "auc": 0.5697763480392157,
        "ci_lo": 0.49726863859822557,
        "ci_hi": 0.6422840574802059,
        "se": 0.03699440908757597,
        "n_pos": 34,
        "n_neg": 1344
      },
      "auprc": 0.027072410523323473
    },
    "task_onehot": {
      "auc": {
        "auc": 0.7421218487394958,
        "ci_lo": 0.6609083040755426,
        "ci_hi": 0.8233353934034491,
        "se": 0.041436243372100376,
        "n_pos": 34,
        "n_neg": 1344
      },
      "auprc": 0.05576918383045675
    }
  },
  "P5_cross_task": {
    "gsm8k": {
      "auc": 0.5269905533063428,
      "ci_lo": 0.31798899641032474,
      "ci_hi": 0.7359921102023609,
      "se": 0.10663540684655214,
      "n_pos": 6,
      "n_neg": 494
    },
    "mbppplus": {
      "auc": 0.4409965034965035,
      "ci_lo": 0.3361869695404221,
      "ci_hi": 0.5458060374525848,
      "se": 0.05347523463839419,
      "n_pos": 26,
      "n_neg": 352
    }
  },
  "P4_calibration": [
    {
      "bin_lo": 0.0,
      "bin_hi": 0.1,
      "n": 1378,
      "mean_pred": 0.0247062671548337,
      "actual_b1_rate": 0.02467343976777939
    }
  ],
  "fallback_rate_at_threshold": {
    "threshold": 0.5,
    "rate": 1.0
  }
}