{
  "J2": {
    "gsm8k": {
      "auc_latent": {
        "auc": 0.5285869565217391,
        "ci_lo": 0.43554806737739526,
        "ci_hi": 0.621625845666083,
        "se": 0.047469693258765364,
        "n_pos": 460,
        "n_neg": 40
      },
      "auc_text_regex": {
        "auc": 0.6989130434782609,
        "ci_lo": 0.6322571431290221,
        "ci_hi": 0.7655689438274996,
        "se": 0.03400873734161035,
        "n_pos": 460,
        "n_neg": 40
      },
      "auc_single_agent": {
        "auc": 0.5640203026240184,
        "ci_lo": 0.4782982259477417,
        "ci_hi": 0.649742379300295,
        "se": 0.04373655707576338,
        "n_pos": 454,
        "n_neg": 46
      }
    },
    "arc_challenge": {
      "auc_latent": {
        "auc": 0.5652909929367813,
        "ci_lo": 0.47865045121017064,
        "ci_hi": 0.651931534663392,
        "se": 0.04420517030415877,
        "n_pos": 463,
        "n_neg": 37
      },
      "auc_text_regex": {
        "auc": 0.6246862413169109,
        "ci_lo": 0.57521372605031,
        "ci_hi": 0.6741587565835118,
        "se": 0.02524154303693015,
        "n_pos": 463,
        "n_neg": 37
      },
      "auc_single_agent": {
        "auc": 0.4351053639846743,
        "ci_lo": 0.3542497698040815,
        "ci_hi": 0.5159609581652671,
        "se": 0.04125361221857719,
        "n_pos": 464,
        "n_neg": 36
      }
    },
    "mbppplus": {
      "auc_latent": {
        "auc": 0.5901990921113772,
        "ci_lo": 0.5218478679950769,
        "ci_hi": 0.6585503162276776,
        "se": 0.034873714341409366,
        "n_pos": 277,
        "n_neg": 101
      },
      "auc_text_regex": {
        "auc": 0.5645708975229653,
        "ci_lo": 0.5373366973117953,
        "ci_hi": 0.5918050977341353,
        "se": 0.013895255436319169,
        "n_pos": 277,
        "n_neg": 101
      },
      "auc_single_agent": {
        "auc": 0.5309407114624506,
        "ci_lo": 0.46758528299585866,
        "ci_hi": 0.5942961399290425,
        "se": 0.032324792172882505,
        "n_pos": 253,
        "n_neg": 125
      }
    }
  },
  "J3_cognitive_load": {
    "gsm8k": {
      "spearman_r": 0.00250286284652755,
      "p_value": 0.9554806400723496,
      "n": 500
    }
  },
  "J4_idle_agent": {
    "gsm8k": {
      "variance_easy": 0.0001573082263348624,
      "variance_hard": 0.00015853848890401423,
      "perm_test": {
        "observed_diff": -1.2302528378783874e-06,
        "p_value": 0.961038961038961
      }
    }
  }
}