{
  "run.py": 1776556803.0061395,
  "models.py": 1776556803.0058086,
  "__init__.py": 1776556802.9687357,
  "prompts.py": 1776556803.0059178,
  "utils.py": 1776556803.0062284,
  "instrumented_run.py": 1776573854.306114,
  "data.py": 1776556802.9783967,
  "methods/baseline.py": 1776556803.005287,
  "methods/text_mas.py": 1776556803.0057192,
  "methods/__init__.py": 1776556803.0049536,
  "methods/latent_mas.py": 1776556803.005393,
  "requirements.txt": 1776556803.0059948,
  "README.md": 1776556802.9686253,
  "experimental-design.txt": 1776557712.343957
}