{
  "latent_mas": {
    "gsm8k": {
      "E1_within_vs_cross": {
        "within_mean": 0.9999999907811483,
        "within_ci": [
          0.9999999873628219,
          0.9999999945163727
        ],
        "cross_mean": 0.8494702432950337,
        "cross_ci": [
          0.8470578874950607,
          0.8519931852325797
        ],
        "ratio": 1.177204261920018
      },
      "E2_agent_id_classifier": {
        "accuracy": 0.9894000000000001,
        "ci_lo": 0.9862,
        "ci_hi": 0.9926,
        "n_classes": 3,
        "chance": 0.3333333333333333
      },
      "E3_anchoring": {
        "mean_cos_a1_a2": 0.5267129325196147,
        "mean_cos_a1_a3": 0.2561647466737777,
        "anchoring_ratio_a1a3_vs_a1a2": 0.48634603568280177
      },
      "E5_mirror": {
        "mean_mirror_score": -0.002959426523496707,
        "ci_lo": -0.005798183306011681,
        "ci_hi": -0.00029026814127961853,
        "n": 4500
      }
    },
    "arc_challenge": {
      "E1_within_vs_cross": {
        "within_mean": 0.9999999905824661,
        "within_ci": [
          0.9999999872813622,
          0.9999999942392112
        ],
        "cross_mean": 0.8632254590193431,
        "cross_ci": [
          0.860813528868556,
          0.8658033694585164
        ],
        "ratio": 1.1584458962997966
      },
      "E2_agent_id_classifier": {
        "accuracy": 0.9954000000000001,
        "ci_lo": 0.9949999999999999,
        "ci_hi": 0.9958,
        "n_classes": 3,
        "chance": 0.3333333333333333
      },
      "E3_anchoring": {
        "mean_cos_a1_a2": 0.5761057025045156,
        "mean_cos_a1_a3": 0.5433760635554791,
        "anchoring_ratio_a1a3_vs_a1a2": 0.9431881357765591
      },
      "E5_mirror": {
        "mean_mirror_score": -0.0024621178780992827,
        "ci_lo": -0.0057901044994799625,
        "ci_hi": 0.000874108137997488,
        "n": 4500
      }
    },
    "mbppplus": {
      "E1_within_vs_cross": {
        "within_mean": 0.9999999883839272,
        "within_ci": [
          0.9999999843366982,
          0.999999992273472
        ],
        "cross_mean": 0.8677380229535346,
        "cross_ci": [
          0.8653469262595372,
          0.8699631733829698
        ],
        "ratio": 1.1524215396027135
      },
      "E2_agent_id_classifier": {
        "accuracy": 0.9898595845334137,
        "ci_lo": 0.9872164127272463,
        "ci_hi": 0.9925111103555799,
        "n_classes": 3,
        "chance": 0.3333333333333333
      },
      "E3_anchoring": {
        "mean_cos_a1_a2": 0.5778123152752718,
        "mean_cos_a1_a3": 0.4580925299377038,
        "anchoring_ratio_a1a3_vs_a1a2": 0.7928050645986437
      },
      "E5_mirror": {
        "mean_mirror_score": 0.0015868317682968386,
        "ci_lo": -0.0007985204403485219,
        "ci_hi": 0.004181132438334733,
        "n": 3402
      }
    }
  },
  "text_mas": {},
  "E4_layer_emergence": {
    "gsm8k": [
      0.9674999999999999,
      0.9816666666666668,
      0.985,
      0.9766666666666667,
      0.9591666666666668,
      0.9558333333333332,
      0.9516666666666667,
      0.9591666666666668,
      0.9616666666666666,
      0.9674999999999999,
      0.9683333333333334,
      0.9691666666666666,
      0.9741666666666666,
      0.9783333333333334,
      0.9733333333333333,
      0.98,
      0.9816666666666668,
      0.98,
      0.9858333333333335,
      0.9925,
      0.9933333333333333,
      0.9925,
      0.9925,
      0.9933333333333333,
      0.9925,
      0.9933333333333333,
      0.995,
      0.9916666666666667,
      0.9925,
      0.9933333333333333,
      0.9891666666666667,
      0.9916666666666667,
      0.9941666666666666,
      0.9900000000000001,
      0.9925,
      0.9941666666666666,
      0.9916666666666666
    ],
    "arc_challenge": [
      0.9816666666666668,
      0.9841666666666667,
      0.9858333333333333,
      0.9841666666666667,
      0.9691666666666666,
      0.9666666666666667,
      0.9658333333333333,
      0.9691666666666666,
      0.975,
      0.9791666666666666,
      0.9766666666666667,
      0.9783333333333332,
      0.9833333333333334,
      0.9858333333333333,
      0.9858333333333333,
      0.9858333333333333,
      0.9874999999999999,
      0.9883333333333333,
      0.9900000000000001,
      0.9908333333333333,
      0.9908333333333333,
      0.9925,
      0.9925,
      0.9933333333333335,
      0.9941666666666666,
      0.9925,
      0.9925,
      0.9925,
      0.9883333333333333,
      0.9891666666666667,
      0.9900000000000001,
      0.9916666666666667,
      0.9925,
      0.9933333333333333,
      0.9916666666666667,
      0.9925,
      0.9933333333333335
    ],
    "mbppplus": [
      0.9791666666666666,
      0.985,
      0.9791666666666666,
      0.9733333333333333,
      0.9483333333333334,
      0.9491666666666667,
      0.9533333333333333,
      0.9566666666666667,
      0.9541666666666666,
      0.9575,
      0.9575,
      0.9625,
      0.9674999999999999,
      0.9683333333333334,
      0.9674999999999999,
      0.9733333333333333,
      0.975,
      0.9750000000000001,
      0.9783333333333334,
      0.9816666666666666,
      0.9816666666666666,
      0.9808333333333333,
      0.9833333333333334,
      0.9833333333333334,
      0.9866666666666667,
      0.9824999999999999,
      0.985,
      0.9833333333333334,
      0.9808333333333333,
      0.98,
      0.98,
      0.9808333333333333,
      0.9824999999999999,
      0.9833333333333333,
      0.9841666666666665,
      0.9858333333333333,
      0.9783333333333334
    ]
  }
}