{
  "id": 43,
  "name": "Rate-distortion tradeoff",
  "question": "Where does accuracy fall as we throw away PCA components?",
  "metrics": {
    "auc_by_k": {
      "1": 0.6403542941940271,
      "2": 0.6497866815062141,
      "4": 0.6557874234835838,
      "8": 0.6582823223891672,
      "16": 0.6585883880541643,
      "32": 0.6590103876831757,
      "64": 0.6593164533481729
    },
    "knee_k": 64,
    "knee_auc": 0.6593164533481729
  },
  "score": 0.6593164533481729,
  "finding": "Rate-distortion: best discrimination AUC=0.659 at k=64 PCA components.",
  "notes": "",
  "status": "ok"
}