{
  "id": 89,
  "name": "Phase diagram (rounds \u00d7 agents)",
  "question": "Heatmap of accuracy-proxy over (#agents, #rounds)",
  "metrics": {
    "auc_grid": {
      "A1_m1": 0.6984464848822111,
      "A1_m2": 0.6641671304025227,
      "A1_m3": 0.6779539974030792,
      "A1_m4": 0.6506631422741607,
      "A2_m1": 0.7007280652940086,
      "A2_m2": 0.6767575588944538,
      "A2_m3": 0.6837970691893898,
      "A2_m4": 0.6564320163235021,
      "A3_m1": 0.7043452049712484,
      "A3_m2": 0.6751715822667409,
      "A3_m3": 0.6771285475792989,
      "A3_m4": 0.6602485624188462
    },
    "best_regime": "A3_m1",
    "best_auc": 0.7043452049712484
  },
  "score": 0.40869040994249684,
  "finding": "Best regime A3_m1 AUC=0.704.",
  "notes": "",
  "status": "ok"
}