{
  "latent_mas": {
    "gsm8k": {
      "K1_R2_matrix": [
        [
          1.0,
          0.8087219388676197,
          0.775003395771362
        ],
        [
          0.6617536977028264,
          1.0,
          0.7654777041593007
        ],
        [
          0.7221465557666553,
          0.7778931118164699,
          1.0
        ]
      ],
      "K1_mean_R2": 0.751832734014039,
      "K2_spearman_R2_vs_correct": 0.013483930415106374,
      "K2_p_value": 0.7635907395851224,
      "K3_complementarity": 0.24816726598596095,
      "n": 500
    },
    "arc_challenge": {
      "K1_R2_matrix": [
        [
          1.0,
          0.7970616358012821,
          0.7624786195896176
        ],
        [
          0.7459900928402973,
          1.0,
          0.8193818940076139
        ],
        [
          0.7992056914630078,
          0.8478579807754362,
          1.0
        ]
      ],
      "K1_mean_R2": 0.7953293190795424,
      "K2_spearman_R2_vs_correct": -0.0073312816292834815,
      "K2_p_value": 0.8701056143581999,
      "K3_complementarity": 0.2046706809204576,
      "n": 500
    },
    "mbppplus": {
      "K1_R2_matrix": [
        [
          1.0,
          0.8519032104240774,
          0.8501263136968957
        ],
        [
          0.660754763600687,
          1.0,
          0.766499638839167
        ],
        [
          0.6464501773926402,
          0.7155015744044122,
          1.0
        ]
      ],
      "K1_mean_R2": 0.7485392797263133,
      "K2_spearman_R2_vs_correct": -0.0735553160501454,
      "K2_p_value": 0.15350021326575206,
      "K3_complementarity": 0.2514607202736867,
      "n": 378
    }
  },
  "text_mas": {},
  "K4_compare": {}
}